Ches Bonnell,Male,Sales,88050,South West,5
Garwin Peasegood,Female,Engineering,68220,South West,3
Saunders Blumson,Other,Legal,56370,North West,5
Gardy Grigorey,Female,Support,107090,North West,2
Marlie Charsley,Male,Support,108450,North Central,2
Adella Hartshorne,Female,Human Resources,41160,South West,4
Rasla Fisby,Male,Legal,109000,North Central,5
Willi Vasey,Female,Support,43020,North West,4
Selby Hacker,Male,Business Development,37800,South West,4
Stefa Eggleston,Male,Sales,88380,North West,4
Phylys Benitez,Female,Product Management,84420,North Central,4
Ronnie Sinyard,Female,Legal,101760,North Central,3
Axel Grigaut,Male,Sales,110780,North Central,2
Timmi Durran,Male,Human Resources,68430,North Central,3
Minna Showler,Female,Training,105370,North West,3
Dyanne Strafen,Male,Engineering,113800,South West,4
Dorolice Farry,Female,Sales,76300,North West,4
Elliot Tuplin,Female,Sales,44530,North West,4
Lion Adcock,Female,Legal,63710,South West,4
Vic Radolf,Female,Product Management,62780,North Central,5
Tiffani Mecozzi,Female,Training,119750,South West,4
Jeane Bermingham,Male,Research and Development,116980,North West,1
Gavan Puttan,Male,Accounting,35940,North Central,3
Danielle Johananoff,Male,Services,109040,South West,4
Rafaelita Blaksland,Female,Services,109160,North West,3
Brit Hamnett,Male,Human Resources,75540,North Central,4
Mable Phythian,Female,Engineering,30000,North West,4
Joella Maevela,Female,Sales,76210,North Central,3
Obidiah Westrope,Male,Legal,108460,North West,3
Murry Dryburgh,Male,Research and Development,69070,North West,2
Abbie Tann,Female,Business Development,116520,South West,3
Aluin Churly,Female,Research and Development,96560,North West,0
Bennett Gimenez,Female,Human Resources,36460,North Central,3
Isa Mogie,Female,Training,50950,North West,3
Yves Clunie,Female,Marketing,75440,South West,4
Iain Wiburn,Female,Sales,84760,North West,4
Nonah Bissell,Male,Engineering,82240,North West,2
Mendel Gentsch,Male,Human Resources,28330,South West,1
Alfred Peplay,Female,Human Resources,60580,South West,5
Adelina Cheeseman,Male,Support,45510,North West,5
Minetta Parsons,Female,Human Resources,110770,North Central,3
Hobard Benninger,Female,Product Management,86920,North Central,4
Fancy Bonin,Other,Training,84680,South West,3
Laura Gomar,Female,Research and Development,36860,South West,2
Beatrix Schoales,Other,Sales,114010,North West,4
Clemmie Hebblewaite,Other,Services,54130,North West,1
Issie Crippes,Female,Product Management,81720,North Central,5
Vasily MacVanamy,Male,Human Resources,84470,South West,4
Aile Strathearn,Female,Marketing,114600,South West,3
Shellysheldon Mahady,Male,Training,114690,South West,1
Laney Renne,Male,Engineering,57350,North West,3
Trace Sidsaff,Female,Accounting,51200,North West,2
Kelly Corkitt,Female,Human Resources,85260,South West,2
Karlen McCaffrey,Female,Services,71230,North West,1
Jordain Sparkwill,Female,Product Management,107660,North Central,3
Billie Croucher,Female,Engineering,75230,North West,2
Izzy Brisco,Female,Marketing,108080,North Central,4
Ignacius Losel,Male,Legal,28480,North West,3
Peggi Bullas,Male,Support,56620,North Central,4
Dyna Doucette,Male,Sales,103550,North Central,4
Marcellina Kitt,Female,Business Development,78500,North West,5
Shela Goade,Male,Legal,93930,North West,3
Christopher Kezourec,Male,Training,55310,North West,1
Larry Pioch,Male,Research and Development,49670,North Central,2
Reidar Skechley,Male,Product Management,40770,North Central,4
Bari Toffano,Male,Product Management,106780,North West,2
Robinia Scholling,Female,Human Resources,100730,North West,4
Grover Cooksey,Other,Services,74620,North West,2
Layton Crayden,Male,Product Management,40450,North West,4
Marlowe Constantine,Male,Services,60560,North Central,4
Rhianna McLeoid,Male,Legal,114900,North West,4
Alida Welman,Male,Human Resources,69860,North West,4
Jacobo Lasham,Female,Services,51320,North West,1
Rhody Odhams,Male,Training,103600,South West,3
Zach Polon,Male,Marketing,53540,North West,2
Taddeo Jovis,Female,Sales,98740,North Central,2
Katerine Lohden,Male,Support,115090,North West,4
Jakob Philippe,Male,Marketing,51910,North West,3
Monroe Hendrickx,Male,Accounting,34080,North West,0
Fred Dudeney,Male,Services,88690,South West,2
Brose MacCorkell,Female,Human Resources,35940,North West,4
Madelene Upcott,Male,Legal,109190,North Central,4
Cara Havers,Male,Marketing,89610,South West,3
Gisella Mewe,Female,Support,109760,North Central,3
Daryn Kniveton,Female,Marketing,108390,South West,2
Stormy Church,Male,Research and Development,29880,South West,1
Cull Nannetti,Male,Support,68090,North West,4
Shirlene Argo,Female,Services,87210,North Central,0
Konstanze Wyleman,Male,Engineering,90800,North Central,4
Vernor Atyea,Female,Training,102930,North West,3
Tris Hynard,Female,Product Management,29080,North West,4
Calvin O'Carroll,Female,Research and Development,44450,North Central,5
Jessica Burditt,Female,Services,97120,North West,4
Aurelea Devitt,Male,Support,58840,North Central,4
Meryl Waggatt,Female,Business Development,77060,North West,3
Evyn Fyrth,Male,Support,90080,North West,4
Sarene Creeboe,Male,Product Management,35830,North West,4
Steven Labat,Male,Legal,37110,North West,4
Lindy Guillet,Male,Training,112780,North Central,2
Loren Rettie,Female,Engineering,96000,North West,4
Daron Biaggioli,Female,Product Management,112550,North West,4
Georg Dinnage,Male,Training,88330,North West,2
Ewart Hovel,Female,Training,116770,South West,3
Archaimbaud Pinchin,Male,Marketing,40270,North West,4
Garwood Penhale,Female,Business Development,96640,North West,5
Valentia Etteridge,Female,Business Development,118100,South West,4
Courtney Given,Male,Engineering,43600,North Central,4
Claudetta Petherick,Female,Legal,54520,North Central,2
Eberto William,Female,Research and Development,57750,North Central,4
Bernie Gorges,Female,Training,99970,South West,4
Myrle Prandoni,Male,Sales,62200,North West,5
Josepha Keningham,Male,Human Resources,42990,North West,4
Garrick Hadwick,Male,Support,117810,North Central,4
Nessy Baskwell,Male,Services,58130,North West,4
Rosco Cogley,Male,Services,86840,North Central,4
Camille Baldinotti,Female,Product Management,41700,South West,3
Crawford Scad,Male,Human Resources,72880,North West,4
Larry Pioch,Male,Research and Development,49670,North Central,3
Judie Di Bernardo,Male,Accounting,117150,North Central,4
Kakalina Stanaway,Male,Human Resources,97020,North West,2
Max Shower,Male,Training,67510,North West,0
Juditha Hatherleigh,Female,Human Resources,34830,North West,4
Lanny Beaney,Male,Legal,38730,North Central,4
Jim Perrygo,Male,Services,96790,South West,3
Shannen Crittal,Female,Engineering,68040,North West,3
Katya Hundy,Male,Business Development,88510,South West,4
Cordelia Djuricic,Female,Human Resources,65350,North Central,1
Emory Whitten,Female,Product Management,52000,South West,0
Philis Rowlstone,Female,Human Resources,85740,South West,4
Fedora Graffin,Male,Research and Development,92500,South West,3
Marjie Bamford,Male,Sales,80770,North Central,5
Doe Clubley,Female,Product Management,67820,North West,0
Adella Hartshorne,Female,Human Resources,41160,North Central,3
Barney Bonafant,Female,Engineering,48060,North Central,2
Nessi Delves,Male,Training,56830,North West,5
Addi Studdeard,Female,Product Management,72500,South West,1
Benoite Ackermann,Female,Services,57080,North Central,4
Sharity Brands,Male,Product Management,104080,North Central,1
Beryl Burnsyde,Male,Legal,29770,South West,3
Ollie Schirak,Male,Legal,48690,South West,4
Amaleta Baltzar,Other,Research and Development,70080,South West,1
Katya Hundy,Male,Business Development,88510,North West,2
Wyn Treadger,Female,Business Development,69190,North Central,4
Orton Livick,Male,Services,37920,North Central,4
Haven Belward,Male,Accounting,89120,South West,3
Yasmeen Klimkiewich,Female,Legal,48140,North Central,5
Kristofor Powner,Male,Support,69340,South West,4
Phillipp Nekrews,Male,Human Resources,71330,North West,5
Delora Arendt,Female,Marketing,67620,North Central,3
Archibaldo Denny,Female,Product Management,69740,South West,0
Jeane Blaszczak,Female,Engineering,44300,South West,3
Codi Beck,Female,Business Development,40560,South West,2
Faunie Sinton,Female,Sales,115230,North Central,3
Nicol Giacomi,Female,Training,39750,North West,4
Crawford Scad,Male,Human Resources,72880,South West,4
Vassili Flay,Other,Research and Development,108970,North Central,4
Halimeda Kuscha,Female,Engineering,112570,North Central,2
Charmaine Howie,Male,Accounting,56810,North West,2
Norrie Grahl,Other,Business Development,42950,North Central,2
Ulick Maingot,Female,Services,42820,North West,4
Millie Fiveash,Female,Sales,57080,North West,4
Kayley Southwell,Female,Marketing,101670,North West,4
Reena McKernan,Female,Marketing,104750,North West,4
Seward Kubera,Male,Engineering,43330,North Central,5
Rois Garrigan,Male,Accounting,61430,North West,2
Euell Willoughley,Male,Product Management,105800,North West,5
Lindi Morfey,Male,Training,99470,North West,3
Gradey Litton,Female,Accounting,68890,North West,3
Angeline Christophersen,Female,Engineering,86940,North West,4
Farrel Vanyatin,Male,Support,118120,South West,4
Kienan Epinay,Male,Marketing,91120,North West,2
Aloisia Minto,Male,Research and Development,41420,North Central,3
Melisa Knott,Female,Training,86010,North West,4
Koral Gerriet,Male,Support,30080,North Central,4
Constantino Espley,Male,Accounting,96800,North Central,4
Desi Peniman,Female,Legal,31090,South West,4
Torrance Collier,Female,Training,96140,South West,3
Ede Mignot,Female,Research and Development,98640,North West,3
Marcia Muldrew,Female,Sales,71510,South West,3
Quintina Kilgannon,Female,Legal,86490,North West,2
Peria Revey,Other,Engineering,103240,North West,3
Carry Loblie,Female,Sales,47550,North West,4
Isadora Maunsell,Male,Sales,78490,North Central,4
Tamara Couvet,Female,Engineering,61050,North Central,4
Von Boeter,Male,Product Management,36370,South West,3
Forester Feakins,Male,Business Development,47290,North Central,4
Gardy Eckersall,Male,Sales,79650,North West,3
Gamaliel Ewins,Male,Product Management,119660,North Central,4
Win Arthurs,Female,Support,43200,North Central,4
Richy Gray,Female,Product Management,89830,North West,5
Patricia Dwelly,Male,Accounting,91500,South West,2
Erv Balmann,Female,Services,29670,South West,5
Demetria Le Estut,Female,Support,75720,North Central,1
Evanne Sheryn,Female,Services,81900,North Central,4
Collette Blackaller,Female,Human Resources,42380,North West,3
Mariann Mowat,Male,Marketing,32620,North West,3
Tabbatha Pickston,Male,Marketing,72040,North Central,4
Vlad Strangeway,Male,Product Management,77740,North Central,3
Duky Wallace,Male,Business Development,102140,North West,4
Townie Dongall,Male,Legal,48630,North West,0
Shana Bewly,Female,Legal,105960,North Central,2
Mick Tanguy,Female,Research and Development,97400,South West,3
Tadio Audritt,Other,Human Resources,99450,North Central,4
Torey Rosell,Male,Accounting,82670,North West,4
Chrisy Kyme,Female,Marketing,99200,South West,5
Morten Dumphy,Male,Legal,111480,North West,2
Issy McLevie,Male,Research and Development,84940,North West,2
Michaeline Capehorn,Female,Support,95340,South West,2
Corny Linturn,Female,Product Management,47960,North West,2
Berny Bastide,Other,Research and Development,56710,North West,4
Aindrea Lenormand,Female,Human Resources,71180,North Central,3
Shanon Deverell,Female,Research and Development,78180,South West,5
Vaughn Carvill,Female,Training,84750,South West,4
Kora Allebone,Female,Legal,98970,South West,0
Millard Brakewell,Male,Product Management,76560,North West,3
Florie Tortoise,Female,Sales,35930,North Central,4
Caro Chappel,Female,Sales,104410,North West,4
Letisha Carrett,Female,Sales,84600,North Central,1
Melva Jickells,Female,Product Management,68800,South West,2
Riccardo Hagan,Male,Human Resources,86560,North Central,4
Chauncey Schild,Female,Support,107340,North Central,4
Amery Ofer,Female,Legal,111050,North Central,5
Michaella Perri,Male,Training,75320,South West,1
Mord Cromblehome,Male,Legal,57910,North West,4
Major O'Cahsedy,Female,Legal,29490,North Central,0
Joana Bartocci,Male,Human Resources,52670,North West,4
Sly Cowley,Male,Accounting,48530,North Central,4
Augusta Cheetham,Male,Research and Development,105470,North Central,4
Diarmid Alman,Female,Training,98200,North Central,2
Gearard Wixon,Male,Human Resources,106190,North Central,5
Kaye Crocroft,Male,Sales,52610,South West,2
Egor Minto,Other,Legal,63450,North Central,3
Bren Absolon,Male,Accounting,74710,North Central,3
Alexine Portail,Female,Sales,60330,South West,4
Duffie Ibel,Male,Sales,61010,North West,4
Gilles Jaquet,Female,Accounting,76300,North West,0
Payton Pickervance,Male,Marketing,117020,North West,4
Barny Fairweather,Male,Marketing,77130,South West,1
Margot Royds,Female,Human Resources,106930,South West,4
Frederik Dartan,Male,Engineering,62090,North Central,5
Aubert Wedmore.,Female,Marketing,61330,South West,4
Krystal Lambswood,Female,Training,41600,North Central,0
Nanice Boatwright,Other,Marketing,105870,North Central,1
Northrup Aires,Female,Human Resources,118300,North West,4
Janina Wolverson,Female,Research and Development,99680,North West,3
Floria Olivia,Female,Sales,101500,North Central,3
Andrea Becker,Female,Human Resources,46160,North West,4
Louise Lamming,Female,Sales,41930,South West,4
Renaldo Thomassin,Male,Business Development,73360,North West,4
Carmel Pancoust,Female,Services,119550,North Central,3
Tatum Hush,Female,Human Resources,53240,North Central,3
Aldrich Glenny,Male,Business Development,90880,North West,4
Calvin O'Carroll,Female,Research and Development,44450,North West,1
Griz Thorington,Male,Support,47670,North Central,4
Eddy Stolze,Male,Training,47760,North West,4
L;urette Bontein,Male,Product Management,47650,North Central,3
Cindee Saice,Female,Services,103360,North Central,5
Erin Androsik,Male,Human Resources,48530,North West,2
Genovera Ghost,Male,Marketing,72160,North West,4
Felicdad Heibel,Male,Business Development,60800,North Central,4
Jobey Boneham,Female,Services,74010,North West,4
Radcliffe Fairpool,Female,Services,60760,South West,5
Gigi Bohling,Male,Engineering,74550,South West,4
Gare Mattiussi,Male,Engineering,32500,North Central,2
Carlin Demke,Male,Business Development,110040,South West,3
Wilt Wayvill,Female,Legal,99750,North West,4
Ardyce Eacott,Female,Human Resources,92470,North West,4
Lane Monteaux,Female,Engineering,109980,North West,4
Cathi Gillbee,Male,Legal,41790,North Central,4
Ronnie Mesias,Male,Support,86360,North West,1
Hali Behnecke,Male,Human Resources,65570,North West,5
Grady Rochelle,Female,Accounting,69160,North West,5
Crissie Cordel,Female,Product Management,41570,North Central,3
Durand Backhouse,Female,Sales,83400,North West,2
Wendel Malletratt,Male,Business Development,67660,North West,1
Shellysheldon Ellerman,Female,Product Management,34470,North Central,3
Emmeline Bestwerthick,Female,Sales,38240,North West,0
Marmaduke Worssam,Female,Engineering,78380,North Central,1
Murial Ickovici,Female,Business Development,72500,South West,4
Honoria Cootes,Female,Engineering,115640,North Central,4
Merrel Blind,Female,Product Management,82120,South West,4
Rosamond Fishe,Male,Services,108160,South West,3
Shelley Moncreiffe,Male,Sales,108360,North Central,4
Cecilla Joselevitch,Female,Human Resources,77840,North Central,2
Jolynn Behnecken,Female,Services,85180,North West,2
Adolph McNalley,Male,Business Development,85920,North Central,2
Pippy Roxby,Female,Human Resources,106490,North West,4
Jessi Calterone,Male,Legal,38520,South West,2
Moore Gligoraci,Female,Training,49530,South West,4
Mallory Goldsberry,Male,Product Management,29610,North Central,4
Nerissa Kavanagh,Male,Training,84170,North Central,3
Foss Asquez,Male,Support,92190,North Central,4
Mickey Pybus,Male,Human Resources,87850,North West,3
Timmy Brenston,Male,Business Development,43700,South West,4
Romona Melody,Female,Services,88690,South West,0
Bendite Bloan,Male,Marketing,31820,South West,4
Andrea Penfold,Male,Marketing,70230,North West,4
Shari Pickston,Male,Legal,96320,North Central,4
Dennison Crosswaite,Male,Legal,90700,North Central,1
Lucias Minico,Female,Services,67960,North West,4
Helaine Lyddy,Male,Services,103110,North West,3
Carlene Torry,Female,Engineering,59610,South West,3
Vere Kulic,Male,Legal,66570,North Central,2
Enrichetta Mowles,Female,Accounting,74390,North West,4
Delinda Snozzwell,Other,Engineering,67010,North Central,3
Cecilio Sprankling,Male,Research and Development,109710,North Central,4
Nickolai Artin,Female,Product Management,110910,South West,4
Beryl Burnsyde,Male,Legal,29770,North Central,5
Ambrosio Daniely,Female,Support,80060,North West,5
Simon Kembery,Male,Training,99750,South West,4
Brig Dewi,Male,Sales,108250,South West,4
Althea Bronger,Male,Product Management,104340,North West,4
Ansley Gounel,Female,Product Management,38440,South West,4
Daven Smout,Female,Support,50800,North Central,5
Niall Selesnick,Female,Engineering,34980,South West,3
Lia Lurner,Female,Support,77260,North Central,4
Rodrigo Congdon,Female,Legal,117940,South West,4
Brendan Edgeller,Female,Legal,31040,North Central,3
Fidelio Rigmond,Male,Services,96370,South West,0
Ginger Myott,Female,Services,31170,North Central,4
Hatti Vezey,Female,Business Development,116240,North West,4
Eilis Pavlasek,Male,Product Management,115190,North West,1
Kellsie Waby,Male,Training,79570,North West,4
Easter Pyke,Female,Training,95680,North West,5
Inger Andriveaux,Other,Accounting,107110,North Central,3
Corina Triner,Male,Sales,66100,North West,2
Loralyn Bruton,Male,Legal,39960,North Central,4
Susy Challoner,Female,Business Development,29890,North West,3
Jan Morforth,Male,Marketing,48170,North Central,3
Cindi Stratten,Female,Services,99200,South West,3
Marline Wahncke,Male,Legal,72840,North Central,4
Violetta Vial,Male,Engineering,68970,North West,4
Beatriz Bateson,Male,Marketing,89090,North West,3
Angeline Christophersen,Female,Engineering,86940,North Central,2
Evangelia Gowers,Male,Business Development,118450,North West,5
Fonzie O'Shea,Male,Product Management,80360,North West,4
Janene Hairsine,Female,Marketing,104770,North Central,4
Linell Compfort,Female,Accounting,70440,North Central,5
Shaylah Owbrick,Male,Support,56900,North Central,4
Erin Androsik,Male,Human Resources,48530,South West,5
Bethanne Leicester,Other,Services,72450,North Central,0
Ottilie Vittel,Female,Business Development,34500,North Central,0
Barnaby Farnall,Other,Engineering,118800,North West,5
Ashien Gallen,Female,Research and Development,115080,North Central,5
Stan Tolliday,Female,Sales,39540,South West,4
Minetta Parsons,Female,Human Resources,110770,North Central,4
Kissiah Maydway,Male,Accounting,106460,South West,2
Charline Husset,Male,Support,94530,North Central,2
Lorain Tew,Female,Business Development,71590,South West,2
North Bertomeu,Female,Marketing,104900,North Central,3
Martita Beaumont,Male,Engineering,81790,South West,0
Janaya MacGinlay,Female,Support,33050,North Central,4
Cara Havers,Male,Marketing,89610,North West,5
Ancell Moretto,Female,Product Management,96920,North Central,1
Toby Brodhead,Female,Accounting,98400,South West,4
Niles Mahomet,Female,Human Resources,50020,North Central,4
Avigdor Karel,Male,Training,71210,North West,4
Luca Wolstenholme,Male,Engineering,53180,North West,4
Efrem Mathonnet,Female,Human Resources,107020,North West,4
Latisha Jolly,Female,Research and Development,58400,South West,4
Quentin Ferraresi,Female,Accounting,49000,North Central,3
Marco Wooland,Female,Services,85530,North West,4
Thekla Lynnett,Male,Training,53950,South West,2
Pedro Carluccio,Male,Services,41140,South West,4
Caron Kolakovic,Male,Accounting,49920,North West,4
Debera Gow,Female,Research and Development,39700,South West,4
Hoyt D'Alesco,Male,Sales,53540,North Central,2
Rudyard Tomsa,Female,Marketing,43900,North West,3
Orran Gritskov,Female,Legal,72700,South West,0
Tyson Prescote,Male,Human Resources,29420,North West,4
Berenice Osbaldstone,Female,Legal,58280,North Central,4
Jessika Jaycocks,Female,Research and Development,67980,South West,4
Gabie Millichip,Male,Legal,49760,North Central,5
Pearla Beteriss,Male,Services,69910,North West,3
Harwilll Domotor,Male,Training,112370,North West,4
Carolina Blumsom,Male,Legal,28580,North Central,4
Ryon Baroch,Male,Accounting,43590,North Central,2
Georg Dinnage,Male,Training,88330,North West,3
Marissa Infante,Other,Training,78840,South West,4
Daisie Dahlman,Female,Human Resources,61990,South West,0
Joli Jodrelle,Male,Services,77100,North West,3
Jessica Callcott,Female,Marketing,66020,South West,5
Sabina Scorrer,Female,Support,70930,North West,4
Bayard Gendricke,Male,Legal,40980,North West,1
Esmaria Denecamp,Male,Marketing,48980,North West,1
Antone Tolmie,Male,Training,110820,North West,3
Tammi Lackham,Female,Business Development,61690,North Central,3
Nananne Gehringer,Other,Support,104800,South West,4
Loren Bentote,Male,Accounting,56280,North West,2
Manolo Gasnell,Male,Engineering,88380,North West,3
Wyatt Clinch,Male,Engineering,52590,South West,3
Giselbert Newlands,Male,Services,47650,North Central,2
Cristal Demangeot,Female,Sales,72350,North Central,3
Jaime Dowe,Female,Accounting,39940,South West,4
Addia Penwright,Male,Research and Development,28130,North Central,2
Ali Roubert,Other,Engineering,69460,North Central,5
Emmye Corry,Male,Services,109030,North Central,5
Addy Pimblett,Male,Product Management,66460,South West,4
Angela Bangley,Female,Training,50810,North Central,0
Baudoin Dummigan,Male,Legal,114510,North West,4
Lissy McCoy,Female,Business Development,86230,North Central,2
Ingunna Wainscoat,Male,Support,73240,North West,4
Amii Elms,Female,Business Development,53920,North West,2
Ignacio Delion,Female,Engineering,113690,North West,4
Colby Reuven,Male,Business Development,101790,South West,4
Maggee Stiggles,Female,Engineering,38930,North Central,4
Kelci Walkden,Male,Human Resources,57090,North West,1
Bogey Hitcham,Male,Product Management,106170,South West,2
Pembroke Siflet,Female,Human Resources,59550,North Central,4
Adolph Hartin,Male,Product Management,89960,South West,2
Gisela Wille,Other,Support,58850,South West,2
Joyce Leyband,Female,Product Management,68200,South West,4
Reube Sushams,Male,Marketing,90130,North West,3
Mathian MacMeeking,Female,Services,45060,North West,3
Antonino Forsdicke,Male,Product Management,66370,South West,4
Mick Spraberry,Female,Services,85880,North Central,3
Caresa Christer,Male,Support,59260,South West,2
Letizia Hasselby,Male,Legal,61790,North Central,4
Luce Beentjes,Male,Training,48180,North Central,3
Sammy Gantlett,Female,Product Management,74800,South West,1
Pooh Splevins,Female,Business Development,31020,South West,4
Aeriela Aickin,Male,Product Management,37550,North Central,4
Tabbatha Pickston,Male,Marketing,72040,North Central,3
Tawnya Tickel,Male,Support,118840,North Central,0
Royal Nowakowska,Male,Human Resources,79570,North West,4
Winny Millam,Female,Business Development,94050,South West,0
Michael Sidry,Male,Product Management,81260,North Central,4
Nolan Tortis,Male,Support,36710,North Central,4
De witt Lottrington,Female,Sales,98360,North Central,1
Baxter Brocks,Female,Human Resources,39680,North Central,2
Joyce Esel,Male,Sales,101390,North West,3
Van Tuxwell,Female,Business Development,80700,North Central,3
Fidela Artis,Female,Sales,78020,South West,4
Dov Thoresby,Male,Support,115490,North Central,2
Cathi Delgardo,Male,Product Management,111910,North Central,3
Doro Nolte,Female,Services,109050,North West,4
Easter Pyke,Female,Training,95680,North Central,4
Noll Forbear,Male,Services,109380,North West,4
Myer McCory,Male,Research and Development,69710,North West,4
Doralyn Segar,Female,Support,30000,North West,4
Clo Jimpson,Male,Legal,57620,South West,1
Brose MacCorkell,Female,Human Resources,35940,South West,2
Audry Yu,Female,Training,101190,North Central,4
Dolley Grayley,Female,Legal,48980,North Central,5
Meredith Rucklidge,Male,Legal,115840,South West,0
Rory Ravenscroftt,Female,Accounting,45450,North West,5
Verla Timmis,Male,Support,54140,North Central,4
Jo Benoi,Female,Human Resources,117520,North West,4
Caty Janas,Male,Accounting,93210,South West,2
Pennie Walmsley,Male,Support,104470,South West,0
Virge Garfield,Male,Training,110890,North Central,2
Myrilla Mercik,Female,Training,96660,North West,4
Giacobo Donke,Male,Services,118360,North West,4
Barbara-anne Kenchington,Female,Support,88030,North Central,4
Aida Bleacher,Male,Product Management,87810,North Central,0
Cly Vizard,Male,Business Development,51520,North Central,4
Aleksandr Botha,Male,Sales,60260,North Central,0
Evangelina Lergan,Male,Support,61210,North West,4
Maritsa Marusic,Male,Research and Development,52750,North West,4
Tamar MacGilfoyle,Male,Product Management,47270,North West,4
Chancey Dyos,Male,Sales,118060,North West,3
Isaak Rawne,Male,Marketing,37360,South West,4
Gideon Hehir,Female,Business Development,66510,North West,4
Irena Trousdell,Female,Marketing,29530,North West,1
Gino Groome,Female,Research and Development,60440,South West,5
Lamond Douthwaite,Male,Engineering,90530,South West,1
Ebonee Roxburgh,Male,Training,67950,North West,5
Nathanial Brounfield,Male,Accounting,105120,North West,4
Mallorie Waber,Male,Training,60570,South West,3
Ewart Laphorn,Female,Training,119110,North West,3
Hilliary Roarty,Male,Services,104770,North West,2
Putnem Manchester,Male,Sales,70360,South West,4
Lanie Gatlin,Female,Support,45110,North Central,0
Sharl Bendson,Female,Business Development,33630,North Central,2
William Reeveley,Male,Training,53870,North Central,3
Granville Stetson,Female,Engineering,111190,South West,4
Mirna Etoile,Female,Legal,29970,North West,4
Freddie Johnikin,Male,Support,64960,South West,4
Natalee Craiker,Male,Product Management,111230,North Central,4
Mariette Daymont,Female,Sales,99530,North Central,4
Aldrich Glenny,Male,Business Development,90880,North Central,0
Lonny Caen,Female,Research and Development,35980,South West,5
Murial Ickovici,Female,Business Development,72500,North West,3
Kath Bletsoe,Male,Marketing,65700,North Central,1
Gayla Blackadder,Female,Services,109170,South West,3
Adela Dowsett,Male,Support,95020,South West,4
Addi Studdeard,Female,Product Management,72500,North Central,2
Sharron Petegree,Female,Product Management,87290,North West,3
Eleonore Airdrie,Female,Engineering,97110,North Central,4
Rhiamon Mollison,Female,Research and Development,59430,South West,4
Karon Oscroft,Male,Marketing,112120,South West,4
Edi Hofton,Male,Research and Development,28160,North Central,0
Derk Bosson,Female,Legal,75870,South West,4
Lorrie Derycot,Female,Support,93270,South West,4
Hartwell Pratchett,Female,Training,42730,South West,4
Van Ruseworth,Female,Services,80610,North Central,4
Inge Creer,Female,Services,69060,South West,1
Elwira Lyddiard,Male,Product Management,31280,North Central,4
Kincaid Hellicar,Male,Business Development,96610,North West,5
Maximo Guirard,Female,Business Development,37020,North West,4
Alta Kaszper,Male,Training,54970,South West,4
Lamar Blewitt,Male,Services,41910,South West,2
Hector Isard,Male,Support,116970,North Central,5
Barbara-anne Kenchington,Female,Support,88030,North West,5
Judi Cosgriff,Female,Human Resources,86390,North Central,3
Janean Gostage,Male,Services,81150,North Central,0
Delphine Jewis,Female,Accounting,71820,North West,4
Matias Cormack,Male,Research and Development,85460,North West,4
Rogers Rosenthaler,Female,Business Development,91190,South West,2
Clarine Shambrooke,Other,Support,93160,South West,4
Thedrick Rogeon,Male,Marketing,110950,North West,2
Roanne Phizacklea,Female,Product Management,35990,North Central,4
Devinne Tuny,Male,Engineering,39970,North West,4
Martelle Brise,Male,Training,79520,North West,4
Dino Wooderson,Male,Legal,52120,North Central,2
Effie Vasilov,Male,Support,60010,South West,4
Jermaine Steers,Female,Accounting,35440,North Central,3
Saunders Blumson,Other,Legal,56370,North Central,4
Mora Innett,Female,Legal,105610,South West,2
Mahalia Larcher,Male,Accounting,113280,North Central,3
Dotty Strutley,Female,Engineering,41980,South West,4
Margy Elward,Male,Business Development,103670,South West,4
Danica Nayshe,Female,Services,89690,North West,3
Shari Pickston,Male,Legal,96320,South West,0
Merrilee Plenty,Female,Research and Development,87620,North Central,3
Romona Dimmne,Female,Research and Development,48250,North West,2
Lark Ironmonger,Male,Marketing,85780,North Central,2
Caritta Searl,Male,Sales,54010,North West,2
Ernestus O'Hengerty,Female,Research and Development,31020,North Central,4
Camilla Castle,Female,Product Management,75480,North West,4
Bette-ann Leafe,Male,Human Resources,93500,North Central,4
Aurelia Stanners,Female,Services,98630,South West,3
Shelby Buckland,Male,Services,76390,South West,4
Barr Faughny,Female,Marketing,68010,North Central,4
Farris Ditchfield,Male,Human Resources,58030,North West,3
Gerald Caple,Male,Training,59300,North West,3
Grier Kidsley,Female,Product Management,51800,North Central,4
Yves Pawlik,Male,Accounting,57930,North Central,5
Korney Bockings,Male,Engineering,40530,South West,4
Stephan Bussel,Male,Research and Development,48290,North West,4
Jedd Moretto,Male,Support,63720,North West,5
Verney Sloegrave,Male,Sales,84500,North West,4
Nerita Mycock,Male,Accounting,67430,North West,4
Mella Northam,Male,Support,109120,North West,0
Thedrick Bothwell,Male,Business Development,69760,North West,4
Georgianne Archbutt,Female,Services,45600,North West,0
Thorvald Milliken,Female,Business Development,33030,South West,3
Aileen McCritchie,Male,Business Development,80170,South West,4
Drusy MacCombe,Male,Training,43510,North West,4
Cathyleen Hurch,Female,Sales,49390,South West,4
Jannel Labb,Female,Research and Development,47910,North West,4
Cheryl Mantz,Male,Sales,35740,North West,3
Madlen Ashburner,Male,Support,42240,North Central,5
Colly Littledike,Female,Services,117150,South West,4
Karyn Creeghan,Male,Engineering,36540,North West,3
Edgard Irving,Other,Research and Development,87290,North West,3
Cyril Medford,Female,Research and Development,85720,North Central,4
Kikelia Ellor,Other,Engineering,34620,North West,5
Dael Bugge,Male,Training,62690,South West,2
Joyce Esel,Male,Sales,101390,North West,4
Ferrell Skepper,Female,Research and Development,30250,North West,4
Hannis January,Male,Business Development,29530,South West,0
Pierson Measham,Male,Business Development,103160,North West,3
Xylina Pargetter,Female,Legal,109790,North West,4
Aretha Ettridge,Female,Accounting,33760,North Central,4
Joshia Farris,Female,Legal,36740,North West,4
Cathi Delgardo,Male,Product Management,111910,North Central,0
Mabel Orrow,Male,Product Management,31240,North Central,2
Alexandros Rackley,Female,Legal,75730,North West,0
Mickie Dagwell,Male,Engineering,50860,North Central,0
Mariette Daymont,Female,Sales,99530,South West,0
Win Arthurs,Female,Support,43200,North Central,5
Marni Jull,Female,Services,84200,North Central,3
Sandy Cadden,Female,Legal,95980,South West,4
Wyn Treadger,Female,Business Development,69190,North West,3
Marney O'Breen,Female,Product Management,65920,North West,3
Westbrook Brandino,Male,Legal,113620,South West,2
Sandi Labat,Male,Sales,60140,North Central,4
Leilah Yesinin,Female,Research and Development,92450,North West,0
Lincoln Greatex,Male,Human Resources,34650,North Central,4
Patti Dradey,Male,Services,84740,South West,4
Oona Donan,Female,Business Development,88360,South West,4
Burtie Moulden,Female,Services,116220,South West,2
Mathian MacMeeking,Female,Services,45060,South West,4
Reg MacMichael,Male,Services,106890,North West,4
Ignacius Losel,Male,Legal,28480,North West,2
Joey Keedwell,Female,Marketing,107440,North West,2
Clo Jimpson,Male,Legal,57620,North Central,3
Bryant Scamp,Female,Human Resources,29810,North West,4
Mick Titman,Male,Training,105330,South West,2
Trudie Couch,Female,Legal,43110,South West,4
Cyndia Skedge,Male,Support,52630,North Central,4
Francoise Godbold,Male,Sales,46350,North West,4
Filmore Fitzhenry,Male,Human Resources,108170,North West,0
Berna Dubery,Male,Services,69730,North West,1
Gerrard Doorey,Male,Product Management,110200,North Central,4
Hiram Merkle,Male,Legal,116090,North West,0
Zebulon Allmen,Other,Business Development,52140,North Central,4
Kingsley Hagard,Male,Engineering,32810,North West,4
My Hanscome,Male,Sales,59430,South West,4
Eldredge MacClure,Male,Legal,46990,North West,4
Pauletta Falkus,Male,Sales,33560,North West,4
Deck McCallion,Male,Sales,33890,North Central,4
Miguel Woolner,Male,Training,51740,North West,2
Yolande O'Dare,Female,Accounting,51650,North Central,3
Kit Battlestone,Female,Research and Development,115980,North Central,3
Glennis Fussen,Female,Sales,58370,North West,3
Rhiamon Mollison,Female,Research and Development,59430,North Central,4
Theresita Chasmer,Female,Product Management,106670,South West,4
Pippy Shepperd,Female,Accounting,44850,North West,5
Petronella Marusik,Male,Accounting,75600,North Central,4
Andria Kimpton,Male,Product Management,69120,North Central,4
Jarad Barbrook,Female,Human Resources,31200,North Central,1
Dulsea Folkes,Female,Services,42160,South West,5
Herschel Wareham,Male,Services,110830,North West,4
Skip Morkham,Female,Marketing,83180,North West,4
Merrilee Plenty,Female,Research and Development,87620,North Central,5
Dayle O'Luney,Female,Research and Development,46750,North Central,3
Gray Seamon,Female,Business Development,78540,North West,4
Krysta Elacoate,Male,Human Resources,106930,North Central,1
Abramo Labbez,Female,Research and Development,77000,South West,4
Faun Rickeard,Male,Product Management,74920,South West,4
Jamesy O'Ferris,Male,Accounting,36550,North West,4
Fanchon Furney,Male,Accounting,95950,North Central,4
Pate Beardsley,Male,Services,85880,South West,5
Grady Crosgrove,Other,Sales,77910,North West,4
Darcy Brewitt,Male,Human Resources,116670,North West,4
Foss Asquez,Male,Support,92190,North West,0
Gilda Richen,Female,Support,71920,North Central,2
Antonino Forsdicke,Male,Product Management,66370,North Central,4
Jobie Basili,Female,Sales,39340,North West,3
Anni Izzard,Male,Human Resources,103490,North Central,3
Bebe Pollicott,Female,Legal,87740,North West,4
Julian Andrassy,Female,Marketing,113980,South West,2
Dionne Garrish,Female,Engineering,41600,North Central,3
Gilles Jaquet,Female,Accounting,76300,North West,3
Alexis Gotfrey,Male,Engineering,114470,South West,5
Xavier Filipic,Female,Marketing,31050,North West,3
Liane Bedburrow,Female,Training,76620,North Central,4
Meara Darrington,Male,Engineering,76190,North Central,2
Genevra Friday,Female,Research and Development,50450,South West,4
Penni Patemore,Male,Services,29330,North West,4
Yanaton Wooster,Male,Marketing,76930,North Central,4
Hedvige Stelfox,Female,Human Resources,33800,North Central,4
Tammy Backson,Female,Marketing,44820,North Central,4
Delinda Snozzwell,Other,Engineering,67010,North Central,3
Inger Chapelhow,Female,Research and Development,84310,South West,4
Arty Duigan,Male,Legal,108600,North Central,5
Nani Brockley,Male,Product Management,47000,North Central,3
Curtice Advani,Male,Product Management,59810,South West,4
Leela Eckart,Male,Legal,90340,North West,4
Krystal Lambswood,Female,Training,41600,North West,2
Cristal Demangeot,Female,Sales,72350,North West,2
Jori Ashleigh,Male,Legal,64270,North Central,4
Leslie Baruch,Female,Accounting,103990,North West,5
Helene Bouts,Male,Sales,70380,South West,3
Eleni O'Quin,Male,Legal,89020,South West,4
Alic Bagg,Male,Legal,113750,North West,4
Abran Danielsky,Female,Engineering,32720,North West,4
Halette Yesenev,Male,Services,61920,North West,4
Cleveland Pottiphar,Female,Marketing,74600,South West,5
Osborn Pawle,Male,Training,38030,North Central,4
Chas Happel,Female,Services,30940,North West,1
Roth Bourget,Male,Services,28870,North West,4
Maisie Shotboulte,Female,Marketing,71210,North Central,5
Felita Whitloe,Male,Training,63450,North West,3
Cindi McDuffy,Female,Services,87930,North Central,1
Murry Dryburgh,Male,Research and Development,69070,North Central,4
Dorise Labat,Male,Business Development,101610,North West,4
Hephzibah Summerell,Female,Services,28310,North Central,4
Alyosha Riquet,Male,Legal,89840,North Central,5
Maximo Ungerecht,Male,Support,96250,South West,4
Lezlie Balmann,Male,Product Management,112460,North West,2
Benny Karolovsky,Other,Human Resources,115440,North Central,4
Gretchen Callow,Female,Training,33920,North West,4
Candace Hanlon,Male,Support,46280,South West,4
Oby Sorrel,Female,Support,58940,North West,4
Cecilia Marshalleck,Female,Marketing,118980,North Central,0
Antonetta Coggeshall,Male,Sales,96750,North West,4
Purcell Le Pine,Other,Legal,101220,North West,3
Archibald Dyzart,Male,Product Management,63020,North Central,4
Lil Ibberson,Male,Business Development,75920,North West,3
Karita Vasyanin,Male,Legal,93080,South West,4
Joaquin McVitty,Male,Sales,68860,South West,3
Collen Dunbleton,Male,Engineering,118980,North Central,2
Alysa Wankling,Other,Legal,106460,South West,3
Ardella Dyment,Female,Business Development,70650,North West,3
Rodina Drinan,Female,Sales,77050,North Central,3
Louise Lamming,Female,Sales,41930,North Central,2
Marga Lorenzo,Female,Legal,89360,North Central,3
Alvie Keming,Female,Legal,37840,North West,2
Sheff Gerdts,Male,Business Development,89160,North Central,4
Josie Barnson,Female,Training,74110,North West,5
Petey Probey,Male,Services,31630,North West,2
Shelbi Aldin,Female,Research and Development,40910,North Central,2
Estell Kingsland,Male,Sales,32190,North West,4
Lea Chaplin,Female,Human Resources,73490,North West,2
Onofredo Hassan,Male,Product Management,52220,North West,4
Hyacinthie Braybrooke,Female,Support,68900,North Central,4
Agnes Collicott,Female,Sales,83750,North Central,4
Margarete Blasing,Male,Support,110970,North West,0
Patience Noot,Female,Business Development,49520,North Central,4
Charmane Heistermann,Female,Business Development,86560,North West,4
Jamal Beagen,Female,Support,35830,North West,4
Brigid Jeffrey,Female,Support,53910,North West,3
Nelli Schoolfield,Female,Engineering,109870,North West,4
Abigael Basire,Male,Engineering,61620,North Central,4
Anjanette Ferre,Other,Human Resources,67960,North Central,4
Mackenzie Hannis,Female,Training,57000,North Central,1
Ambros Murthwaite,Male,Sales,70610,South West,4
Lek Scamaden,Female,Training,51860,North Central,3
Jehu Rudeforth,Female,Engineering,60130,North Central,4
Bert Yaakov,Male,Research and Development,72040,North West,2
Bordy Yatman,Female,Product Management,108450,South West,3
Georgie Caress,Male,Marketing,58260,North Central,4
Krysta Elacoate,Male,Human Resources,106930,North West,4
Jolynn Lumbley,Other,Research and Development,70020,North Central,4
Blythe Clipston,Female,Human Resources,35670,North West,4
Alicea Pudsall,Male,Accounting,67630,North Central,4
Karee Ruslinge,Female,Human Resources,82300,North West,0
Wilone O'Kielt,Female,Business Development,114870,South West,0
Justino Chapiro,Male,Sales,71030,South West,4
Maritsa Marusic,Male,Research and Development,52750,North Central,4
Sisely Gatsby,Female,Support,85670,North West,4
Blaire Ruckman,Male,Business Development,61700,North West,4
William Coveny,Male,Legal,66140,North Central,3
Packston Joanic,Male,Marketing,51860,North West,3
Joana Bartocci,Male,Human Resources,52670,North Central,4
Sile Whorton,Female,Legal,61210,North West,0
Billi Fellgate,Female,Business Development,68980,North West,4
Franchot Crocken,Female,Accounting,29610,North Central,4
Cletus McGarahan,Female,Engineering,114430,South West,3
Callie Duckels,Male,Product Management,53760,North Central,4
Roselle Wandrach,Male,Sales,91310,North Central,4
Lishe Casemore,Male,Services,117840,North West,4
Garey Bird,Female,Product Management,31830,South West,4
Toby Micklewright,Male,Legal,32980,South West,0
Dell Molloy,Male,Engineering,47360,North Central,2
Fidela Dowey,Female,Engineering,86740,South West,5
Emmanuel Westrey,Female,Support,87400,North West,4
Abigael Basire,Male,Engineering,61620,South West,2
Melodie Torresi,Female,Business Development,75090,South West,4
Dewie Stodart,Male,Accounting,78020,North West,4
Fred Dudeney,Male,Services,88690,North Central,5
Giffer Berlin,Female,Research and Development,92340,North West,3
Van Tuxwell,Female,Business Development,80700,North Central,2
Sarajane Scourge,Female,Business Development,58830,North Central,2
Rose Shurrocks,Female,Research and Development,32140,North West,3
Mata Fishley,Male,Accounting,102520,North Central,2
Irvine Blenkin,Male,Human Resources,79590,North Central,1
Wald Bountiff,Female,Support,28970,South West,5
Hinda Label,Female,Human Resources,92700,North West,4
Irwin Kirsche,Female,Accounting,36150,North West,2
Sile Whorton,Female,Legal,61210,North Central,4
Jill Shipsey,Male,Accounting,52960,South West,4
Nerissa Kavanagh,Male,Training,84170,South West,0
Anabal Cooke,Female,Product Management,31920,North West,4
Ava Whordley,Female,Product Management,104210,North Central,5
Ansley Gounel,Female,Product Management,38440,North Central,2
Cletus McGarahan,Female,Engineering,114430,North West,5
Althea Bronger,Male,Product Management,104340,North West,2
Orlando Gorstidge,Male,Marketing,40750,South West,1
Robbert Mandrier,Female,Training,98020,North Central,5
Twila Roantree,Female,Sales,96620,South West,2
Archibald Filliskirk,Male,Research and Development,40400,North Central,5
Denni Wiggans,Male,Product Management,81220,South West,2
Pyotr Lightewood,Male,Training,33840,South West,0
Shari McNee,Male,Research and Development,75880,South West,4
Issiah Cradick,Male,Engineering,81380,South West,0
Nollie Courteney,Male,Research and Development,71490,North Central,0
Tadio Dowdle,Female,Product Management,91930,North West,4
Ondrea Banfield,Female,Engineering,107790,North West,4
Cornie Arstall,Female,Product Management,69970,North Central,4
Jeane Blaszczak,Female,Engineering,44300,South West,2
Hogan Iles,Female,Accounting,114180,South West,5
Saundra O'Connel,Male,Human Resources,85330,North Central,4
Rosaline Wenderott,Female,Sales,36820,North Central,3
Bobina Teale,Male,Marketing,116890,North West,4
Ruby Cracie,Male,Research and Development,78710,North West,2
Sissy Muehle,Female,Accounting,86470,North West,4
Lonny Caen,Female,Research and Development,35980,South West,3
Itch Tinklin,Female,Support,77110,North Central,4
Sibyl Dunkirk,Female,Product Management,86570,North West,1
Brodie Grimstead,Male,Business Development,117850,North West,3
Amitie Mawson,Female,Marketing,116500,South West,0
Dane Wudeland,Female,Accounting,80030,North West,2
Oby Sorrel,Female,Support,58940,North West,4
Yvette Bett,Male,Human Resources,76320,South West,3
Ianthe Sayre,Male,Support,110730,North Central,5
Jacklyn Andrioletti,Female,Training,86990,North Central,2
Conchita Soden,Male,Marketing,74410,North Central,3
Reggie Taylerson,Male,Marketing,87610,South West,3
Leslie Cardoso,Female,Business Development,103340,North Central,3
Milton Lilie,Female,Business Development,46470,North West,4
Aeriell Cuell,Male,Legal,108290,North Central,1
Anne-corinne Daulby,Male,Engineering,78640,South West,3
Lisle Danahar,Other,Sales,75990,North West,4
Bryana Loyns,Male,Sales,55280,North West,4
Anjela Spancock,Other,Accounting,98010,South West,4
Daisie McNeice,Male,Human Resources,50310,North West,4
Jillana Gabbitis,Male,Marketing,91360,North West,4
Roddy Speechley,Male,Accounting,115920,North Central,3
Oran Buxcy,Female,Engineering,56870,South West,2
Beverie Moffet,Female,Support,75970,North Central,5
Novelia Pyffe,Male,Accounting,52270,North West,3
Dare Tully,Male,Business Development,39780,South West,0
Lilyan Klimpt,Male,Services,58960,South West,4
Jo-anne Gobeau,Female,Training,37900,North Central,3
Sheff Gerdts,Male,Business Development,89160,South West,3
Florinda Crace,Female,Sales,45510,North Central,3
Dominic Ortler,Female,Product Management,66610,North Central,4
Cathrin Yanuk,Male,Sales,44120,South West,1
Austine Littlewood,Female,Services,32270,North Central,4
Alford Gerardi,Female,Engineering,37130,South West,0
Cullie Bourcq,Female,Sales,45590,North Central,3
Emanuel Beldan,Male,Accounting,94070,North Central,4
Danica Nayshe,Female,Services,89690,North West,0
Hildagard Reece,Female,Services,41220,South West,4
Kai Ryder,Female,Accounting,119930,South West,4
Alfred Peplay,Female,Human Resources,60580,North West,0
Jeannie Petracco,Female,Engineering,94820,North Central,4
Brad Gumb,Male,Accounting,38830,North West,3
Reinald Franken,Female,Engineering,28870,North Central,5
Carolyn Attack,Female,Marketing,70760,South West,3
Bogey Hitcham,Male,Product Management,106170,North Central,3
Naoma Cruse,Male,Research and Development,71540,North West,4
Oates Dinan,Female,Research and Development,104680,South West,4
Daphne Francillo,Male,Training,63370,South West,4
Kissiah Maydway,Male,Accounting,106460,South West,3
Trix Lutsch,Male,Business Development,106400,South West,4
Carolin Fieldstone,Female,Marketing,36920,North West,4
Dulsea Folkes,Female,Services,42160,North Central,4
Corabel Luberto,Female,Human Resources,57820,North West,4
Nicola Kiely,Female,Business Development,93740,North West,4
Rey Chartman,Female,Training,93960,North West,2
Israel Farndon,Male,Marketing,107220,South West,4
Felipe Parkman,Female,Training,90150,North Central,5
Margit Kunze,Male,Engineering,94020,North Central,3
Oliy Feeney,Female,Marketing,42970,South West,3
Sandie Anthonies,Male,Legal,33410,North West,4
Anni Dinse,Male,Product Management,119670,South West,4
Gaultiero Have,Male,Accounting,115380,North West,4
Corinna Griffiths,Male,Support,75010,North West,3
Cherlyn Barter,Female,Accounting,104120,North Central,3
Shea Mix,Male,Research and Development,82680,South West,1
Leonidas Cavaney,Male,Accounting,52250,North West,1
Tallie Chaikovski,Male,Sales,83190,South West,4
Andria Kimpton,Male,Product Management,69120,North West,4
Codie Gaunson,Male,Accounting,83590,North Central,2
Kaine Padly,Male,Research and Development,107700,North Central,5
Freda Legan,Female,Sales,102130,North West,4
Hiram Merkle,Male,Legal,116090,North West,4
Christos Wintle,Male,Engineering,74360,South West,3
Magnum Locksley,Female,Services,42310,North Central,0
Adrianne Gave,Male,Engineering,78440,South West,2
Warner Carwithan,Female,Support,113760,North West,3
Appolonia Snook,Female,Services,93880,North West,4
Alikee Jecock,Female,Legal,85000,North West,2
Shay Chasney,Male,Human Resources,72550,South West,4
Trey Jurges,Female,Legal,72360,North West,2
Tracy Renad,Female,Accounting,114890,North Central,4
Sarajane Peachey,Female,Marketing,107580,North Central,2
Bili Sizey,Male,Research and Development,36040,North Central,4
Shaun Kyrkeman,Male,Product Management,35010,North West,4
Leena Bruckshaw,Male,Research and Development,74280,South West,4
Benni Simounet,Male,Research and Development,115790,South West,1
Kay Edling,Male,Support,38330,South West,4
Shayne Stegel,Male,Business Development,70270,North Central,5
Floyd Cowgill,Male,Support,37060,North West,4
William Reeveley,Male,Training,53870,North Central,3
Inger Chapelhow,Female,Research and Development,84310,North Central,3
Brien Boise,Female,Research and Development,58100,North West,5
Pancho De Ortega,Male,Support,99780,North West,5
Edd MacKnockiter,Male,Accounting,119020,South West,2
Hobie Stockbridge,Male,Engineering,92940,South West,3
Ludovika Plaice,Male,Training,59670,North West,0
Caro Hainsworth,Male,Marketing,77470,North West,3
Nicolis Winspire,Male,Engineering,45650,South West,3
Niko MacGille,Female,Engineering,88430,South West,4
Evanne Levens,Male,Human Resources,36880,North West,3
Trix Lutsch,Male,Business Development,106400,North Central,2
Michale Rolf,Male,Services,111820,South West,5
Cecilla Northen,Male,Human Resources,92870,North Central,4
Cyrillus Garci,Male,Business Development,100360,South West,4
Dayle O'Luney,Female,Research and Development,46750,South West,4
Gunar Cockshoot,Male,Business Development,48950,North Central,3
Silva Monte,Male,Sales,52810,North Central,2
Hans Bucke,Male,Legal,78560,North West,1
Elia Cockton,Female,Support,75280,North West,4
Freddy Linford,Female,Training,93130,North West,2
Gwenore Scotchmer,Female,Business Development,105290,North West,1
Maggie Ruberti,Male,Training,108340,North West,0
Desi Peniman,Female,Legal,31090,North West,4
Allyce Hincham,Male,Business Development,101420,South West,4
Juanita Trembey,Other,Business Development,54780,North West,5
Lincoln Cord,Female,Support,63560,North Central,5
Kerwin Blakely,Male,Research and Development,68480,South West,2
Granny Spencelayh,Male,Legal,99460,North Central,4
Collin Jagson,Male,Services,100420,North Central,2
Monti Burdus,Female,Human Resources,39650,North Central,4
Konstantin Timblett,Female,Training,56250,North Central,4
Fax Scotland,Female,Marketing,57640,North Central,4
Isidora Guido,Male,Engineering,43150,North Central,5
Erv Havill,Female,Accounting,106080,North Central,0
Yoshiko Tamblingson,Male,Sales,29590,North West,3
Barri Teacy,Female,Accounting,86240,South West,4
Alisha Bloschke,Other,Product Management,36480,North Central,4
Adi Seawright,Female,Marketing,48590,North West,1
Eward Astlett,Male,Engineering,41670,South West,4
Chauncey Schild,Female,Support,107340,South West,5
Larissa Ingledow,Male,Research and Development,62280,North West,0
Orton Livick,Male,Services,37920,North Central,0
Beverie Moffet,Female,Support,75970,North West,4
Katey Cadany,Male,Services,92010,North Central,1
Alida Welman,Male,Human Resources,69860,South West,2
Nicole Blowfelde,Female,Training,59560,North West,5
Kelley Rounds,Female,Engineering,114810,North West,4
Felice McMurty,Female,Product Management,66870,North Central,0
Layton Kierans,Male,Human Resources,113790,North West,1
Hedwiga Ingarfield,Female,Legal,38250,North West,4
Frasquito Mosley,Other,Support,48090,North Central,0
Amandy Jope,Male,Accounting,99630,North Central,4
Tarrah Wordsworth,Female,Product Management,86340,North Central,2
Fairfax Wallsam,Other,Sales,88590,North Central,4
Chelsea Itzak,Male,Support,61100,North West,4
Craggie Whistlecraft,Male,Product Management,71240,North Central,4
Faina Durand,Male,Sales,114650,North West,1
Joella Maevela,Female,Sales,76210,North West,3
Virginia McConville,Female,Human Resources,76900,North Central,5
Candy Aindrais,Female,Business Development,116590,South West,5
Allene Gobbet,Female,Engineering,78390,North Central,4
Ruthanne Beadnell,Female,Accounting,103610,North West,2
Damien Netley,Male,Engineering,98110,North Central,3
Rasia Fryatt,Female,Human Resources,33960,South West,0
Bev Lashley,Male,Business Development,112110,North West,0
Curtice Advani,Male,Product Management,59810,South West,3
Madge McCloughen,Other,Training,91310,North West,4
Frasier Straw,Male,Business Development,71370,South West,4
Dean Biggam,Female,Training,71570,North Central,0
Anni Dinse,Male,Product Management,119670,South West,0
Husein Augar,Female,Marketing,67910,North West,4
Shaylyn Ransbury,Female,Support,100370,North Central,4
Christoph Stretton,Female,Business Development,90240,North Central,2
Jordain Cyster,Female,Engineering,75870,North West,4
Malory Biles,Female,Training,58740,North West,0
Adey Ryal,Female,Legal,32500,South West,4
